loop_name,map50
apple-yolo-loop1,0.1886015242499635
apple-yolo-loop2,0.8895613291997991
apple-yolo-loop3,0.9748608377312528
apple-yolo-loop4,0.9909763401340813
