loop_name,map50
apple-yolo-loop1,0.1917361102280529
apple-yolo-loop2,0.884740826828829
apple-yolo-loop3,0.977674252145756
apple-yolo-loop4,0.9936099019293024
