loop_name,map50
apple-yolo-loop1,0.1929740627789349
apple-yolo-loop2,0.777858950073375
apple-yolo-loop3,0.9830173258487968
apple-yolo-loop4,0.9925297279551908
